"","baseMean","log2FoldChange","lfcSE","stat","pvalue","padj","Kingdom","Phylum","Class","Order","Family","Genus","Species"
"OTU_32",1359.18530787674,11.1183377985542,0.968521620356036,11.4797001583372,1.66858162122855e-30,1.07456656407119e-27,"Bacteria","Actinobacteria","Actinobacteria","Actinomycetales","acI","acI-A","acI-A1"
"OTU_6",1912.35673138654,10.8130866493493,0.956272732570242,11.3075342222571,1.20426364460581e-29,3.87772893563071e-27,"Bacteria","Actinobacteria","Actinobacteria","Actinomycetales","acI","acI-B","acI-B1"
"OTU_29",507.358516319472,13.0881888271757,1.2657000075576,10.3406721569291,4.61290586216116e-25,9.90237125077263e-23,"Bacteria","Proteobacteria","Alphaproteobacteria","Rickettsiales","alfV","alfV-A","LD12"
"OTU_31",540.2851795028,11.536528435949,1.12060879598685,10.2948758543248,7.43153748425866e-25,1.19647753496564e-22,"Bacteria","Actinobacteria","Actinobacteria","Actinomycetales","acTH1","acTH1-A","acTH1-A1"
"OTU_79",349.795226631209,12.0781262226534,1.18329822668926,10.2071700525122,1.84157673607417e-24,2.37195083606353e-22,"Bacteria","Bacteroidetes","Sphingobacteria","Sphingobacteriales","bacI","bacI-A","bacI-A1"
"OTU_78",184.312098430599,11.8564933849381,1.17365890416195,10.10216285404,5.40370370107078e-24,5.79997530581597e-22,"Bacteria","Bacteroidetes","Sphingobacteria","Sphingobacteriales","bacIII","bacIII-B","Algor"
"OTU_47",1069.22644761572,8.90619019699145,0.897021519949769,9.92862489797366,3.12535716436255e-23,2.59063603631912e-21,"Bacteria","Actinobacteria","Actinobacteria","Actinomycetales","unclassified","unclassified","unclassified"
"OTU_263",328.328604369712,11.8035436612148,1.18918936664374,9.92570568851289,3.21818141157655e-23,2.59063603631912e-21,"Bacteria","Actinobacteria","Actinobacteria","Actinomycetales","acI","acI-A","acI-A4"
"OTU_59",102.01715089607,-10.3835830275069,1.1330593515698,-9.16420045703777,4.99156187967659e-20,3.57173983390192e-18,"Bacteria","Bacteroidetes","Cytophagia","Cytophagales","Cytophagaceae","Leadbetterella","unclassified"
"OTU_46",532.278113750358,9.78074774958536,1.0688821210421,9.15044564507229,5.66991608428134e-20,3.65142595827719e-18,"Bacteria","Proteobacteria","Betaproteobacteria","Burkholderiales","betII","Pnec","PnecB"
"OTU_68",155.562357334967,11.4891790958098,1.27312406673208,9.0243986395613,1.80685007055377e-19,1.05782858676057e-17,"Bacteria","Proteobacteria","Betaproteobacteria","MWH-UniP1","unclassified","unclassified","unclassified"
"OTU_58",218.378857425269,10.2823023186614,1.1762307644572,8.7417389762003,2.2954935573472e-18,1.23191487577633e-16,"Bacteria","Chloroflexi","SL56","unclassified","unclassified","unclassified","unclassified"
"OTU_41",739.816291971923,9.73187462627519,1.12086846648451,8.6824412652077,3.87363255796778e-18,1.91893797487019e-16,"Bacteria","Actinobacteria","Actinobacteria","Actinomycetales","acI","acI-C","acI-C2"
"OTU_14",1171.04620049316,9.23095549945971,1.06603903095278,8.65911587797065,4.75437323784785e-18,2.18701168941001e-16,"Bacteria","Actinobacteria","Actinobacteria","Actinomycetales","acI","acI-A","acI-A6"
"OTU_73",149.252265969132,11.1510165412823,1.3271116801536,8.40247034823152,4.3718276469704e-17,1.87697133643263e-15,"Bacteria","Bacteroidetes","unclassified","unclassified","unclassified","unclassified","unclassified"
"OTU_44",408.258278709986,9.70207436955586,1.16229563922125,8.34733783915451,6.98187933247473e-17,2.81020643132108e-15,"Bacteria","Actinobacteria","unclassified","unclassified","unclassified","unclassified","unclassified"
"OTU_57",315.617657515529,9.24754529308008,1.13529360426848,8.14550990009206,3.77686938629197e-16,1.43076699104237e-14,"Bacteria","Actinobacteria","Actinobacteria","Actinomycetales","acSTL","acSTL-A","acSTL-A1"
"OTU_248",88.5540248066437,10.6175456395648,1.3551050862451,7.8352193843396,4.68024798113264e-15,1.67448872213857e-13,"Bacteria","Proteobacteria","Betaproteobacteria","Burkholderiales","betII","Pnec","PnecD"
"OTU_344",31.1058348812013,9.00886798175968,1.19553864843759,7.53540506075072,4.86821274166609e-14,1.65006789770156e-12,"Bacteria","Actinobacteria","Actinobacteria","Actinomycetales","acI","acI-A","acI-A5"
"OTU_34",135.88226373684,8.86767027832993,1.17835914491353,7.52543935064947,5.25433396667007e-14,1.69189553726776e-12,"Bacteria","Bacteroidetes","Sphingobacteria","Sphingobacteriales","bacIII","bacIII-A","unclassified"
"OTU_171",31.6789679667862,9.01968877981314,1.20880396536295,7.46166379186629,8.54366670939411e-14,2.62005779088086e-12,"Bacteria","Actinobacteria","Acidimicrobiia","Acidimicrobiales","C111","unclassified","unclassified"
"OTU_562",73.35434219708,8.78481265783184,1.1834815418263,7.42285565711105,1.14621674079671e-13,3.35528900487765e-12,"Bacteria","Actinobacteria","Actinobacteria","Actinomycetales","Luna1","Luna1-A","Luna1-A2"
"OTU_220",56.8557046597407,9.80369814122364,1.37196368233683,7.14574173313777,8.95112172739636e-13,2.50631408367098e-11,"Bacteria","Bacteroidetes","Flavobacteriia","Flavobacteriales","Cryomorphaceae","unclassified","unclassified"
"OTU_157",44.5963039725293,9.5247782120542,1.33988657171489,7.10864517424313,1.17187591570582e-12,3.14453370714394e-11,"Bacteria","Proteobacteria","Betaproteobacteria","Burkholderiales","betIII","betIII-A","betIII-A1"
"OTU_96",61.9817441342599,8.16212784326751,1.15253009975645,7.0819216305,1.42169056097385e-12,3.66227488506864e-11,"Bacteria","Actinobacteria","Actinobacteria","Acidimicrobiales","acIV","acIV-D","Iamia"
"OTU_191",24.3782986073132,8.46324250699684,1.19710420469321,7.06976257690596,1.55199001707266e-12,3.84415988844152e-11,"Bacteria","Bacteroidetes","Flavobacteria","Flavobacteriales","bacV","unclassified","unclassified"
"OTU_10415",85.5700547595367,8.59970400750763,1.21972939047369,7.0505015904945,1.7827397639175e-12,4.25216447393655e-11,"Bacteria","Proteobacteria","Betaproteobacteria","Burkholderiales","betI","betI-A","Lhab-A1"
"OTU_35",447.78049822454,8.5996094371791,1.22283989405858,7.03249009045428,2.02879719783294e-12,4.66623355501577e-11,"Bacteria","Actinobacteria","Actinobacteria","Acidimicrobiales","acIV","acIV-A","Iluma-A1"
"OTU_117",37.1030155100676,9.44738814730229,1.36663996159744,6.91285811389519,4.74984976704741e-12,1.05479422413053e-10,"Bacteria","Proteobacteria","Alphaproteobacteria","Sphingomonadales","alfIV","alfIV-B","M-L-85"
"OTU_384",14.4373778632194,8.36282452636768,1.21240425987337,6.89771951744971,5.2843949293384e-12,1.13438344483131e-10,"Bacteria","Actinobacteria","Thermoleophilia","Gaiellales","Gaiellaceae","unclassified","unclassified"
"OTU_145",33.553639614919,9.32927535935158,1.35498841806879,6.88513291696489,5.7733603497572e-12,1.1993690533044e-10,"Bacteria","Actinobacteria","Acidimicrobiia","Acidimicrobiales","C111","unclassified","unclassified"
"OTU_119",72.5419214295854,9.81985840380643,1.43550955709823,6.84067783126191,7.88193357624586e-12,1.58623913221948e-10,"Bacteria","Actinobacteria","Actinobacteria","Acidimicrobiales","acIV","acIV-B","Iluma-B2"
"OTU_4129",32.8386515339128,9.2761675931547,1.37368922722197,6.75274101982587,1.45077773682957e-11,2.83121473490377e-10,"Bacteria","Actinobacteria","Actinobacteria","Actinomycetales","unclassified","unclassified","unclassified"
"OTU_6839",35.4799149491773,8.98806560176083,1.35997509078667,6.60899281365642,3.86943501312575e-11,7.32916514250877e-10,"Bacteria","Chloroflexi","SL56","unclassified","unclassified","unclassified","unclassified"
"OTU_24",676.10254094594,8.25044580815263,1.27332128792751,6.47946899684784,9.20459774107446e-11,1.6936459843577e-09,"Bacteria","Proteobacteria","Betaproteobacteria","Methylophilales","betIV","betIV-A","LD28"
"OTU_102",120.04411609527,6.35461845027531,1.01435687657766,6.26467725216708,3.73598381059057e-10,6.68325992783424e-09,"Bacteria","Proteobacteria","Betaproteobacteria","Burkholderiales","unclassified","unclassified","unclassified"
"OTU_6790",22.5720053707749,8.22629652062445,1.31635432065084,6.24930263195182,4.1228937039668e-10,7.17606363609356e-09,"Bacteria","Proteobacteria","Betaproteobacteria","Burkholderiales","betIII","betIII-A","betIII-A1"
"OTU_5830",25.7508908217402,8.53010281422926,1.3865397413718,6.15207956880473,7.64734911263321e-10,1.29602442856205e-08,"Bacteria","Proteobacteria","Betaproteobacteria","Burkholderiales","betII","Pnec","PnecC"
"OTU_299",16.0231226794232,8.33386983804571,1.36763973665961,6.09361487141399,1.10389055443944e-09,1.7772637926475e-08,"Bacteria","Bacteroidetes","Saprospirae","Saprospirales","Chitinophagaceae","unclassified","unclassified"
"OTU_1091",16.702347578204,8.38053209280754,1.37502865666053,6.09480540802763,1.09570654529194e-09,1.7772637926475e-08,"Bacteria","Proteobacteria","Betaproteobacteria","Burkholderiales","betII","Pnec","PnecC"
"OTU_77",125.461832486825,8.31652453574303,1.36772897385377,6.08053546771774,1.19781851817294e-09,1.88145152610578e-08,"Bacteria","Actinobacteria","Actinobacteria","Actinomycetales","Luna1","Luna1-A","Luna1-A4"
"OTU_162",176.087360023158,6.17240293664233,1.02193214533612,6.03993422147632,1.54177067019334e-09,2.36404836096313e-08,"Bacteria","Proteobacteria","Betaproteobacteria","Burkholderiales","betVII","betVII-B","betVII-B1"
"OTU_742",29.4907732326833,6.91365330770582,1.15142520644602,6.00443109027068,1.92003937432925e-09,2.8755938536466e-08,"Bacteria","Actinobacteria","Actinobacteria","Actinomycetales","Mycobacteriaceae","Mycobacterium","unclassified"
"OTU_7495",15.2260036952893,8.24697432256255,1.38373554585699,5.95993529779198,2.52337824215032e-09,3.69330815442001e-08,"Bacteria","Actinobacteria","Actinobacteria","Actinomycetales","acI","acI-A","acI-A3"
"OTU_271",12.6475601648994,7.85033814597615,1.33944060159399,5.86090800639755,4.60342965619983e-09,6.58801933020598e-08,"Bacteria","Actinobacteria","Actinobacteria","Actinomycetales","acI","acI-C","acI-C1"
"OTU_2624",43.9570134661026,7.16600514614002,1.23458586321838,5.80437971925205,6.46047176438936e-09,9.0446604701451e-08,"Bacteria","Actinobacteria","Actinobacteria","Actinomycetales","acI","acI-B","acI-B4"
"OTU_9",228.421014004505,-9.64082851909305,1.67108845910155,-5.76919101235156,7.96529798217861e-09,1.09141529798362e-07,"Bacteria","Proteobacteria","unclassified","unclassified","unclassified","unclassified","unclassified"
"OTU_11957",19.8262304207484,7.76724548864297,1.35059706774248,5.75097168071446,8.87319789785037e-09,1.19048738462826e-07,"Bacteria","Proteobacteria","Betaproteobacteria","Burkholderiales","betI","betI-A","Lhab-A4"
"OTU_11550",10.7220851187971,7.79447395917422,1.37443515206469,5.6710379878347,1.41934918612872e-08,1.86543035891203e-07,"Bacteria","Proteobacteria","Betaproteobacteria","Methylophilales","Methylophilaceae","unclassified","unclassified"
"OTU_7713",63.1187727902755,7.34333566745328,1.29577318491566,5.66714588088288,1.45195719761397e-08,1.87012087052679e-07,"Bacteria","Proteobacteria","Betaproteobacteria","Burkholderiales","unclassified","unclassified","unclassified"
"OTU_89",27.8958332169959,8.79319022263058,1.5622314057159,5.62860930234663,1.81668367192575e-08,2.29400840141212e-07,"Bacteria","Bacteroidetes","Flavobacteriia","Flavobacteriales","Cryomorphaceae","unclassified","unclassified"
"OTU_143",44.4348508485849,6.71305827967933,1.19687283337119,5.60883169247886,2.0369699651917e-08,2.52270895689126e-07,"Bacteria","Actinobacteria","Actinobacteria","Acidimicrobiales","acIV","acIV-C","Iluma-C1"
"OTU_7927",44.3614344343708,8.06172191660635,1.45505768585249,5.54048268669373,3.01639061738098e-08,3.66519916527047e-07,"Bacteria","Actinobacteria","Actinobacteria","Acidimicrobiales","acIV","acIV-B","Iluma-B2"
"OTU_2014",14.3911534292051,8.07573174603465,1.46218057117948,5.52307417101042,3.33119024544865e-08,3.97275281123876e-07,"Bacteria","Actinobacteria","Actinobacteria","Actinomycetales","Microbacteriaceae","Candidatus_Rhodoluna","unclassified"
"OTU_5976",10.9208139261895,7.77097784486779,1.41583876443291,5.48860367443062,4.05123463805445e-08,4.74362746710375e-07,"Bacteria","Actinobacteria","Actinobacteria","Actinomycetales","unclassified","unclassified","unclassified"
"OTU_377",7.69167990559031,7.37282838411122,1.35772983913483,5.43026172924749,5.62714635511518e-08,6.35768816262136e-07,"Bacteria","Actinobacteria","Actinobacteria","Actinomycetales","unclassified","unclassified","unclassified"
"OTU_388",14.9329407112626,8.08929413981966,1.48884117685757,5.43328211602352,5.5326829973247e-08,6.35768816262136e-07,"Bacteria","Proteobacteria","Gammaproteobacteria","Alteromonadales","HTCC2188","HTCC","unclassified"
"OTU_13001",52.9390017923842,5.98717161751095,1.10412128313156,5.42256698515028,5.87491878181906e-08,6.52318568188185e-07,"Bacteria","Proteobacteria","Betaproteobacteria","Burkholderiales","betI","betI-A","Lhab-A1"
"OTU_267",9.149445365498,7.55575755120985,1.40063739403242,5.39451365742627,6.8709401058911e-08,7.49980581049808e-07,"Bacteria","Actinobacteria","Actinobacteria","Acidimicrobiales","acIV","acIV-B","Iluma-B1"
"OTU_121",91.0657317951544,5.88476430841336,1.09774452707251,5.36077763385164,8.28644675601709e-08,8.89411951812501e-07,"Bacteria","Actinobacteria","Actinobacteria","Actinomycetales","Mycobacteriaceae","Mycobacterium","unclassified"
"OTU_147",8.01278020539848,7.05619583020075,1.32195939845822,5.33767968852167,9.4143585028074e-08,9.93909323902946e-07,"Bacteria","Proteobacteria","Alphaproteobacteria","Rhizobiales","unclassified","unclassified","unclassified"
"OTU_107",183.507788142522,6.69904481964805,1.25749227663987,5.32730494182316,9.9680734042466e-08,1.03539343102174e-06,"Bacteria","Proteobacteria","Betaproteobacteria","Burkholderiales","unclassified","unclassified","unclassified"
"OTU_333",19.1806681295582,5.67363727286133,1.06990394603653,5.30294078630084,1.13951892228544e-07,1.16484156500289e-06,"Bacteria","Actinobacteria","Actinobacteria","Actinomycetales","Streptomycetaceae","unclassified","unclassified"
"OTU_426",13.0738837836653,7.90935217723851,1.49441618552839,5.2926033951124,1.20587250666188e-07,1.21340920982852e-06,"Bacteria","Bacteroidetes","Sphingobacteria","Sphingobacteriales","bacVI","bacVI-B","Pedo"
"OTU_522",7.38554174941796,7.11598824354212,1.35656551913382,5.24559126940346,1.55781916993592e-07,1.54343930067497e-06,"Bacteria","Proteobacteria","Gammaproteobacteria","Alteromonadales","HTCC2188","HTCC","unclassified"
"OTU_301",20.9615862589663,5.50568321380109,1.05285604156871,5.22928396326418,1.70167821742205e-07,1.66042541215121e-06,"Bacteria","Proteobacteria","Betaproteobacteria","Methylophilales","Methylophilaceae","Methylotenera","mobilis"
"OTU_253",48.8232973187329,6.57384957485828,1.2592415362266,5.22048343049202,1.784566740139e-07,1.71531489649181e-06,"Bacteria","Actinobacteria","Actinobacteria","Actinomycetales","unclassified","unclassified","unclassified"
"OTU_103",7.8089800101637,7.33529558717421,1.41069893062248,5.199759798455,1.99546233041232e-07,1.84276526604521e-06,"Bacteria","Bacteroidetes","Flavobacteriia","Flavobacteriales","Cryomorphaceae","unclassified","unclassified"
"OTU_329",13.5020151967207,7.91448948349163,1.52229285513217,5.1990584182335,2.00300572396219e-07,1.84276526604521e-06,"Bacteria","Bacteroidetes","Saprospirae","Saprospirales","Chitinophagaceae","unclassified","unclassified"
"OTU_51",222.929904698272,6.16801362364661,1.18625627823657,5.1995624696003,1.99758183580772e-07,1.84276526604521e-06,"Bacteria","Proteobacteria","Gammaproteobacteria","Xanthomonadales","Xanthomonadaceae","unclassified","unclassified"
"OTU_362",10.5113509572491,7.65081967568925,1.47430333967478,5.18944742903245,2.1091903913483e-07,1.91312480567367e-06,"Bacteria","Proteobacteria","Gammaproteobacteria","Alteromonadales","211ds20","unclassified","unclassified"
"OTU_5065",5.35676696402468,6.72729358418179,1.31644600251018,5.11019333216424,3.21829309380917e-07,2.87403753170031e-06,"Bacteria","Actinobacteria","Actinobacteria","Actinomycetales","unclassified","unclassified","unclassified"
"OTU_150",72.087902216629,7.68616818457997,1.50476513428286,5.10788561581277,3.25783757475345e-07,2.87403753170031e-06,"Bacteria","Proteobacteria","Betaproteobacteria","MWH-UniP1","unclassified","unclassified","unclassified"
"OTU_8",107.426550435507,-9.33547049526323,1.83619486050619,-5.08413932314879,3.69296797176104e-07,3.21388023488393e-06,"Bacteria","Bacteroidetes","Saprospirae","Saprospirales","Saprospiraceae","unclassified","unclassified"
"OTU_355",20.9315552285154,8.29211308936604,1.64700018864921,5.03467646604632,4.78656561315162e-07,4.11006433982619e-06,"Bacteria","Spirochaetes","Leptospirae","Leptospirales","Leptospiraceae","Leptospira","unclassified"
"OTU_688",16.8832783226498,7.18128332570988,1.44113943298534,4.98305934966594,6.25867433659416e-07,5.30340299048242e-06,"Bacteria","Bacteroidetes","Sphingobacteriia","Sphingobacteriales","Sphingobacteriaceae","unclassified","unclassified"
"OTU_34082",5.44411039489067,6.88105114086907,1.39092975164572,4.9470874662991,7.53321323349889e-07,6.30050561347179e-06,"Bacteria","Actinobacteria","Actinobacteria","Actinomycetales","unclassified","unclassified","unclassified"
"OTU_2674",11.5050303914611,7.65083857677395,1.5646427327254,4.88983102452227,1.00922573434075e-06,8.33258170404415e-06,"Bacteria","Bacteroidetes","Saprospirae","Saprospirales","Chitinophagaceae","unclassified","unclassified"
"OTU_6836",6.24807459572984,7.01560783059259,1.43572408781799,4.88645965483165,1.02665353577832e-06,8.36917565874988e-06,"Bacteria","Actinobacteria","Actinobacteria","Actinomycetales","acI","acI-A","Phila"
"OTU_359",6.61297275832818,6.73879584557039,1.3845621803182,4.86709513040556,1.13250523262388e-06,9.1166671226222e-06,"Bacteria","Proteobacteria","Betaproteobacteria","unclassified","unclassified","unclassified","unclassified"
"OTU_444",9.1362373047158,5.58324637265659,1.15003839847207,4.85483474297416,1.2048717990996e-06,9.3486438387969e-06,"Bacteria","Actinobacteria","Actinobacteria","Actinomycetales","acIII","acIII-A","Luna2"
"OTU_168",51.368451992426,5.06857861985805,1.04311355349448,4.85908614922896,1.1792881448401e-06,9.3486438387969e-06,"Bacteria","Proteobacteria","Alphaproteobacteria","Rhizobiales","Methylocystaceae","Methylosinus","unclassified"
"OTU_129",13.9266330953275,7.5148679672731,1.54745083555748,4.85628867463555,1.19606298504412e-06,9.3486438387969e-06,"Bacteria","Proteobacteria","Betaproteobacteria","MWH-UniP1","unclassified","unclassified","unclassified"
"OTU_6568",12.3105618263109,7.69077063004011,1.59732984409564,4.81476675494934,1.47371920848401e-06,1.12985139317108e-05,"Bacteria","Actinobacteria","Acidimicrobiia","Acidimicrobiales","C111","unclassified","unclassified"
"OTU_196",23.1188100095981,6.22315261775462,1.32079632618477,4.71166711655741,2.45698491251751e-06,1.86152739254268e-05,"Bacteria","Verrucomicrobia","Opitutae","Cerasicoccales","Cerasicoccaceae","unclassified","unclassified"
"OTU_140",291.64328334814,4.9753491157626,1.05816192022249,4.7018788152162,2.57778484267197e-06,1.91345228586784e-05,"Bacteria","Cyanobacteria","Synechococcophycideae","Synechococcales","Synechococcaceae","Synechococcus","unclassified"
"OTU_27",70.2423648629928,-6.55994876485602,1.39591397969393,-4.69939327228056,2.60935543764864e-06,1.91345228586784e-05,"Bacteria","Proteobacteria","Betaproteobacteria","Burkholderiales","Comamonadaceae","Rubrivivax","gelatinosus"
"OTU_412",6.3181848877302,6.97573692755861,1.48452188309691,4.69897884765853,2.61465529745917e-06,1.91345228586784e-05,"Bacteria","Proteobacteria","Gammaproteobacteria","Legionellales","Coxiellaceae","Rickettsiella","unclassified"
"OTU_6137",11.7501705991987,7.59885557097185,1.62030671085189,4.68976368491165,2.73520752694554e-06,1.97918387343025e-05,"Bacteria","Actinobacteria","Actinobacteria","Actinomycetales","acI","acI-C","acI-C1"
"OTU_21",66.4521144087324,6.47557649952818,1.38428155420191,4.67793309812727,2.8978105372735e-06,2.07354442889348e-05,"Bacteria","Actinobacteria","Actinobacteria","Actinomycetales","Microbacteriaceae","Candidatus_Aquiluna","rubra"
"OTU_17130",3.79924658351279,6.41193258990984,1.38570315316209,4.62720502243081,3.70633568234082e-06,2.62294525211812e-05,"Bacteria","Proteobacteria","Betaproteobacteria","Burkholderiales","betI","betI-A","Lhab-A1"
"OTU_542",22.2907828508697,7.32638957726358,1.58557066564438,4.62066417852534,3.82513505614078e-06,2.67759453929855e-05,"Bacteria","Actinobacteria","Acidimicrobiia","Acidimicrobiales","C111","unclassified","unclassified"
"OTU_7971",4.96487495023802,6.69715017766383,1.45164533999186,4.61348925468351,3.95964743473313e-06,2.74194940641735e-05,"Bacteria","Actinobacteria","Actinobacteria","Actinomycetales","acI","acI-A","acI-A3"
"OTU_379",3.04268224948172,6.14763892867737,1.35210271599104,4.54672478353198,5.44871722870499e-06,3.73295095243193e-05,"Bacteria","Proteobacteria","Alphaproteobacteria","Rhodospirillales","Rhodospirillaceae","Reyranella","massiliensis"
"OTU_8361",9.12370240956554,7.29593299112146,1.60660496638058,4.54121152604052,5.59318788810509e-06,3.79159263151545e-05,"Bacteria","Proteobacteria","Betaproteobacteria","Burkholderiales","Comamonadaceae","unclassified","unclassified"
"OTU_2971",84.1998363590433,5.62304261470499,1.2482030528106,4.50491016028482,6.64010283874094e-06,4.45440232098871e-05,"Bacteria","Proteobacteria","Alphaproteobacteria","unclassified","unclassified","unclassified","unclassified"
"OTU_501",6.13939883582897,6.88122758375086,1.53384118383385,4.48627123608141,7.24804606059547e-06,4.74254777083615e-05,"Bacteria","Verrucomicrobia","Pedosphaerae","Pedosphaerales","R4-41B","unclassified","unclassified"
"OTU_305",28.148112337506,5.50482187635433,1.22623392895939,4.48921021213777,7.14877253443942e-06,4.74254777083615e-05,"Bacteria","Actinobacteria","unclassified","unclassified","unclassified","unclassified","unclassified"
"OTU_240",14.6922026935754,6.82868742441353,1.52255304956301,4.48502429939858,7.29056256696862e-06,4.74254777083615e-05,"Bacteria","Proteobacteria","Betaproteobacteria","Burkholderiales","Comamonadaceae","unclassified","unclassified"
"OTU_17459",6.90862528711627,6.99901083262543,1.56130278996833,4.4828017202015,7.36693742204949e-06,4.74430769979987e-05,"Bacteria","Proteobacteria","Betaproteobacteria","Burkholderiales","unclassified","unclassified","unclassified"
"OTU_516",4.68643273932048,6.59763743955415,1.47575233047397,4.470694237315,7.79660977756348e-06,4.97130366014939e-05,"Bacteria","Proteobacteria","Alphaproteobacteria","Rhodospirillales","Rhodospirillaceae","unclassified","unclassified"
"OTU_67",426.813384080326,4.84787543044158,1.09187809028005,4.43994203528545,8.99831106942532e-06,5.68128659677442e-05,"Bacteria","Proteobacteria","Betaproteobacteria","Burkholderiales","betI","betI-A","Lhab-A1"
"OTU_146",7.32378509414688,7.03417417262604,1.592635175774,4.41668894397457,1.00224295223906e-05,6.26645108001895e-05,"Bacteria","Actinobacteria","Acidimicrobiia","Acidimicrobiales","C111","unclassified","unclassified"
"OTU_20482",3.39741323611071,6.23006483027536,1.4233846608186,4.37693688977399,1.203588052934e-05,7.45298755855283e-05,"Bacteria","Proteobacteria","Betaproteobacteria","Burkholderiales","betI","betI-A","unclassified"
"OTU_122",49.6723987197637,4.5722781462636,1.04587181432708,4.37173856645656,1.23261066886609e-05,7.48869123348832e-05,"Bacteria","Proteobacteria","Alphaproteobacteria","alfVII","unclassified","unclassified","unclassified"
"OTU_61",13.620062251264,5.76710089996733,1.31862026032853,4.37358735753876,1.22221303819861e-05,7.48869123348832e-05,"Bacteria","Proteobacteria","Alphaproteobacteria","Rhizobiales","Methylobacteriaceae","Magnetospirillum","magnetotacticum"
"OTU_574",2.43526357207224,5.68867186479998,1.30570286185148,4.35678899924708,1.31984389785985e-05,7.94373336655834e-05,"Bacteria","Proteobacteria","Alphaproteobacteria","unclassified","unclassified","unclassified","unclassified"
"OTU_32982",3.53365791590523,6.26596723857546,1.43979375594441,4.35198945175687,1.34907754158194e-05,8.04449941461826e-05,"Bacteria","Proteobacteria","Betaproteobacteria","Burkholderiales","betI","betI-A","Lhab-A1"
"OTU_99",116.585328175414,6.71306408945121,1.56188237843929,4.29805994492314,1.72299570626391e-05,0.000101799012370088,"Bacteria","Actinobacteria","Actinobacteria","Actinomycetales","unclassified","unclassified","unclassified"
"OTU_416",5.02847351864727,6.44455430036283,1.51473818230058,4.25456648262135,2.09454421956795e-05,0.00012262604340016,"Bacteria","Cyanobacteria","Chloroplast","Cryptophyta","unclassified","unclassified","unclassified"
"OTU_596",2.97041375669954,5.34388647767649,1.2621820875031,4.23384750155027,2.29726754889485e-05,0.00013328291004399,"Bacteria","Proteobacteria","Betaproteobacteria","Ellin6067","unclassified","unclassified","unclassified"
"OTU_4450",2.59026442955429,5.89182798118482,1.39827406040885,4.21364319628592,2.51284146475973e-05,0.000144488384223685,"Bacteria","Actinobacteria","Actinobacteria","Actinomycetales","acSTL","acSTL-A","acSTL-A1"
"OTU_535",5.89784173642771,6.72261383572432,1.62030074766584,4.14899138040191,3.33943383517641e-05,0.00019031817609324,"Bacteria","Bacteroidetes","Flavobacteria","Flavobacteriales","bacV","unclassified","unclassified"
"OTU_506",3.81505947449969,5.95872399748358,1.43757027700821,4.14499666053512,3.39818662481349e-05,0.000191967735647358,"Bacteria","Chloroflexi","Chloroflexi","Roseiflexales","unclassified","unclassified","unclassified"
"OTU_523",5.83739586002141,6.70504022402002,1.62369516946307,4.12949447046596,3.63561745997912e-05,0.000203594577758831,"Bacteria","Actinobacteria","Thermoleophilia","Solirubrobacterales","unclassified","unclassified","unclassified"
"OTU_5907",9.28509061843936,6.46526470010176,1.56979462142876,4.11854175816792,3.81277484939496e-05,0.000209865555812851,"Bacteria","Actinobacteria","Acidimicrobiia","Acidimicrobiales","C111","unclassified","unclassified"
"OTU_28182",2.73153732486809,5.92789350562189,1.4390835054733,4.11921440491549,3.80166289936288e-05,0.000209865555812851,"Bacteria","Proteobacteria","Betaproteobacteria","Burkholderiales","unclassified","unclassified","unclassified"
"OTU_20",68.008543012239,-4.17443988429414,1.01599229593497,-4.10873182896786,3.9783771570004e-05,0.000217124990602394,"Bacteria","Proteobacteria","Gammaproteobacteria","Aeromonadales","Aeromonadaceae","Aeromonas","veronii"
"OTU_173",4.43810306418703,6.26110114192525,1.53179889610384,4.08741719154549,4.36202296872541e-05,0.000236062419483963,"Bacteria","Gemmatimonadetes","Gemmatimonadetes","KD8-87","unclassified","unclassified","unclassified"
"OTU_7924",2.67391585976961,5.89315374940081,1.44583159231876,4.07596139184484,4.58246221531091e-05,0.000245925472221686,"Bacteria","Actinobacteria","Actinobacteria","Actinomycetales","acI","acI-A","acI-A3"
"OTU_1122",2.38018890881525,5.76122070208023,1.42504247705355,4.04284138532645,5.28073451934404e-05,0.000281057275244427,"Bacteria","Proteobacteria","Deltaproteobacteria","Bdellovibrionales","Bacteriovoracaceae","Peredibacter","starrii"
"OTU_13872",3.57908367749166,6.18652026593493,1.53284302443679,4.03597770111393,5.43753807808314e-05,0.000287030698547995,"Bacteria","Actinobacteria","Actinobacteria","Actinomycetales","Luna3","unclassified","unclassified"
"OTU_9121",2.53229891238029,5.82462913134162,1.44403221419264,4.03358669847831,5.49319001279538e-05,0.000287610924247173,"Bacteria","Proteobacteria","Betaproteobacteria","Burkholderiales","betI","betI-A","unclassified"
"OTU_294",4.54958916526386,5.07875416720517,1.27152175860896,3.99423299901788,6.49040146038694e-05,0.000337082140362031,"Bacteria","Proteobacteria","Betaproteobacteria","betV","unclassified","unclassified","unclassified"
"OTU_880",3.28114585480553,6.0770511158249,1.52971707747217,3.97266344562691,7.10734356811378e-05,0.000366170340629222,"Bacteria","Proteobacteria","Epsilonproteobacteria","Campylobacterales","Helicobacteraceae","Sulfuricurvum","kujiense"
"OTU_629",3.06860711907817,6.00176744238828,1.51934943170151,3.95022192864937,7.80787623992864e-05,0.000399069230040797,"Bacteria","Bacteroidetes","unclassified","unclassified","unclassified","unclassified","unclassified"
"OTU_5801",4.41343149102772,6.33918608574659,1.63163782776216,3.88516739308563,0.000102259405408911,0.000518543756561723,"Bacteria","Actinobacteria","Actinobacteria","Actinomycetales","ACK-M1","unclassified","unclassified"
"OTU_500",4.70888186022219,6.39485645444951,1.65216081252431,3.87060170291711,0.000108567051155949,0.000546227976128367,"Bacteria","Chlorobi","OPB56","unclassified","unclassified","unclassified","unclassified"
"OTU_638",1.84652830928222,5.2691987311839,1.36446983566049,3.86171873754416,0.000112592143272268,0.000562087909049151,"Bacteria","Proteobacteria","Alphaproteobacteria","Caulobacterales","Caulobacteraceae","Mycoplana","unclassified"
"OTU_17123",2.33349615972382,5.68880012167378,1.47507314752321,3.85662238596496,0.000114964550520554,0.000565169240727,"Bacteria","Proteobacteria","Betaproteobacteria","Burkholderiales","betI","betI-A","unclassified"
"OTU_218",2.4387445980184,5.57132814588204,1.44415339346473,3.85785067645455,0.000114388493525422,0.000565169240727,"Bacteria","Proteobacteria","Gammaproteobacteria","LiUU-3-334","unclassified","unclassified","unclassified"
"OTU_313",12.2258160414507,6.76004836241847,1.75604043012492,3.84959722250677,0.000118312216233428,0.000577220206472181,"Bacteria","Actinobacteria","Actinobacteria","Actinomycetales","unclassified","unclassified","unclassified"
"OTU_365",13.3091599775039,5.50735993660803,1.43753471241174,3.83111439957397,0.000127564172719991,0.000613546814625018,"Bacteria","Bacteroidetes","Sphingobacteria","Sphingobacteriales","bacVI","bacVI-B","Pedo"
"OTU_228",3.57220071518411,-3.8900540145695,1.01543519349185,-3.83092297716461,0.000127663467639367,0.000613546814625018,"Bacteria","Proteobacteria","Gammaproteobacteria","Xanthomonadales","Xanthomonadaceae","Stenotrophomonas","unclassified"
"OTU_74",13.9830048710436,-6.03534700181449,1.58459621041278,-3.80876021421401,0.000139665316279745,0.000666255286549303,"Bacteria","GN02","BD1-5","unclassified","unclassified","unclassified","unclassified"
"OTU_835",1.46344211659303,5.16615030812267,1.36131108274167,3.79498145105679,0.000147654494832765,0.000694083902717522,"Bacteria","TM7","TM7-1","unclassified","unclassified","unclassified","unclassified"
"OTU_498",5.66618838839276,6.39189748899583,1.68372540346241,3.79628262176928,0.00014688204019906,0.000694083902717522,"Bacteria","Bacteroidetes","Flavobacteria","Flavobacteriales","bacV","unclassified","unclassified"
"OTU_610",5.85860855834307,6.41915232022162,1.6945088652487,3.78820816572093,0.000151737691374538,0.00070810922641451,"Bacteria","Actinobacteria","Acidimicrobiia","Acidimicrobiales","C111","unclassified","unclassified"
"OTU_6646",3.58157821316875,5.4525527991147,1.44377948175862,3.77658282861391,0.000158994701801894,0.000736637323456257,"Bacteria","Proteobacteria","Betaproteobacteria","Burkholderiales","betI","betI-A","Lhab-A2"
"OTU_33379",2.49973158474643,5.72760635631477,1.52975432005933,3.74413478112789,0.000181016469207232,0.000832675758353266,"Bacteria","Proteobacteria","Betaproteobacteria","Burkholderiales","unclassified","unclassified","unclassified"
"OTU_7143",1.77072120109483,5.35778782310788,1.44082252479274,3.71856195396349,0.00020036015504073,0.000915120140753403,"Bacteria","Actinobacteria","Actinobacteria","Actinomycetales","ACK-M1","Planktophila","limnetica"
"OTU_291",7.21893089488559,6.70339693799371,1.80752605006516,3.70860322469601,0.000208405699356631,0.000945163875955425,"Bacteria","Proteobacteria","Betaproteobacteria","Rhodocyclales","Rhodocyclaceae","C39","unclassified"
"OTU_7065",1.56082830549655,5.21753956230038,1.40947809489833,3.70175285531965,0.000214115129588192,0.000964266737446125,"Bacteria","Actinobacteria","Actinobacteria","Actinomycetales","acI","unclassified","unclassified"
"OTU_241",24.2325337053679,5.99311185977735,1.62309177024686,3.69240481015183,0.000222143498259769,0.000993475089439521,"Bacteria","Proteobacteria","Alphaproteobacteria","Rhizobiales","Beijerinckiaceae","Methylocella","unclassified"
"OTU_7560",16.8734959880257,4.90532902454133,1.33018093222635,3.68771563754954,0.000226276315880518,0.000998095530322284,"Bacteria","Bacteroidetes","Flavobacteria","Flavobacteriales","bacII","bacII-A","unclassified"
"OTU_945",1.45281214037722,5.13488722876999,1.39189229312421,3.68914121741728,0.00022501230296075,0.000998095530322284,"Bacteria","Proteobacteria","Alphaproteobacteria","unclassified","unclassified","unclassified","unclassified"
"OTU_9506",1.78386017226128,5.34763212292188,1.46695950565012,3.6453849627921,0.000266991828797599,0.00116967848806567,"Bacteria","Proteobacteria","Gammaproteobacteria","Legionellales","Coxiellaceae","Rickettsiella","unclassified"
"OTU_289",5.45656288616823,5.56621923061005,1.54417335008327,3.6046595612532,0.000312562372472547,0.00136006870184,"Bacteria","Proteobacteria","Alphaproteobacteria","Sphingomonadales","Sphingomonadaceae","Sphingobium","xenophagum"
"OTU_4360",18.3693476413656,7.20070955541541,2.00420018299951,3.5928095489138,0.000327131686804135,0.00141391145169035,"Bacteria","Proteobacteria","Betaproteobacteria","Burkholderiales","Comamonadaceae","RS62","unclassified"
"OTU_97",8.42269730633931,-6.3197708545094,1.76599064184552,-3.57859815604971,0.000345442130713918,0.00148309821453175,"Bacteria","Bacteroidetes","Flavobacteriia","Flavobacteriales","Flavobacteriaceae","Flavobacterium","unclassified"
"OTU_19",7.18971277430838,-5.58389186534076,1.57192104287995,-3.55227248253537,0.000381919142170159,0.00162884720236809,"Bacteria","Proteobacteria","Betaproteobacteria","Burkholderiales","Comamonadaceae","unclassified","unclassified"
"OTU_628",4.78000010165911,4.74888102917112,1.34043965649685,3.54277867426126,0.000395934845872078,0.00166740306319271,"Bacteria","Bacteroidetes","Flavobacteriia","Flavobacteriales","Cryomorphaceae","Fluviicola","unclassified"
"OTU_32853",1.86079963015952,5.3613169181203,1.51336615476193,3.54264359702407,0.000396137684267832,0.00166740306319271,"Bacteria","Proteobacteria","Betaproteobacteria","Burkholderiales","betI","betI-A","Lhab-A1"
"OTU_18965",2.39505286228543,5.29004571274747,1.50239158982826,3.52108315073315,0.000429787822045389,0.00179729452855345,"Bacteria","Proteobacteria","Betaproteobacteria","Burkholderiales","betI","betI-A","unclassified"
"OTU_265",4.96451108345706,6.13857733329593,1.74832349897755,3.51112213322414,0.000446219338643594,0.00185396938120306,"Bacteria","Chlorobi","OPB56","unclassified","unclassified","unclassified","unclassified"
"OTU_1083",1.73023622687959,5.10262923924628,1.45744728083996,3.50107294193552,0.000463388994538697,0.00191296482360847,"Bacteria","unclassified","unclassified","unclassified","unclassified","unclassified","unclassified"
"OTU_5031",1.08492592267103,4.76389557000248,1.38462824934131,3.44055927810857,0.000580513259710153,0.00236614265350214,"Bacteria","Actinobacteria","Actinobacteria","Actinomycetales","Micromonosporaceae","Micromonospora","unclassified"
"OTU_598",2.35205634553093,5.55922655416178,1.61539561230247,3.44140253435382,0.000578706915462595,0.00236614265350214,"Bacteria","Bacteroidetes","Sphingobacteriia","Sphingobacteriales","unclassified","unclassified","unclassified"
"OTU_11269",3.93461467953904,5.33794865222362,1.55554077335008,3.43157102897894,0.000600095959351529,0.00243057734479487,"Bacteria","Actinobacteria","Actinobacteria","Actinomycetales","acTH2","Myco","unclassified"
"OTU_28",45.5343288419665,-7.38711895236603,2.15557843697967,-3.42697756928605,0.000610339483981648,0.00245661642302613,"Bacteria","Bacteroidetes","Flavobacteriia","Flavobacteriales","Flavobacteriaceae","Flavobacterium","unclassified"
"OTU_5503",1.33044159639569,4.9672130008725,1.45714126345633,3.40887539557441,0.000652312673823436,0.00260925069529374,"Bacteria","Actinobacteria","Actinobacteria","Actinomycetales","unclassified","unclassified","unclassified"
"OTU_251",8.64949202225262,-5.97042273578718,1.77264737341467,-3.36808257825486,0.000756929208646288,0.00300902722449512,"Bacteria","Verrucomicrobia","Verrucomicrobiae","Verrucomicrobiales","Verrucomicrobiaceae","Luteolibacter","unclassified"
"OTU_17",25.585033951465,7.23439598889401,2.15456628792815,3.35770406760178,0.000785927062659128,0.00310513514326674,"Bacteria","Bacteroidetes","Flavobacteriia","Flavobacteriales","Flavobacteriaceae","Sediminicola","unclassified"
"OTU_364",4.34587627169082,6.07228911095858,1.81205673330594,3.35104801044513,0.000805063435012832,0.00316134665944063,"Bacteria","Bacteroidetes","unclassified","unclassified","unclassified","unclassified","unclassified"
"OTU_4192",2.37271689608019,5.53063005586056,1.65266919380975,3.34648342001904,0.000818435738654203,0.00319437948905034,"Bacteria","Actinobacteria","Actinobacteria","Actinomycetales","acSTL","acSTL-A","acSTL-A2"
"OTU_639",4.27353885431468,6.04965739078705,1.81444745931749,3.3341595865568,0.000855575547162905,0.00331922079742717,"Bacteria","Cyanobacteria","Chloroplast","Stramenopiles","unclassified","unclassified","unclassified"
"OTU_2644",1.65058225044805,5.16653317932387,1.55409011970068,3.32447463234562,0.000885852921121843,0.00341610348025429,"Bacteria","Actinobacteria","Actinobacteria","Actinomycetales","unclassified","unclassified","unclassified"
"OTU_62",3.60366367398467,5.65170161774621,1.70609001944015,3.31266319675255,0.000924121933381418,0.00354246741129543,"Bacteria","Proteobacteria","Betaproteobacteria","Burkholderiales","Comamonadaceae","RS62","unclassified"
"OTU_16821",5.74157698586169,5.26061314461641,1.59711060287179,3.29383145735631,0.000988317402602636,0.00376613258743253,"Bacteria","Actinobacteria","Actinobacteria","Acidimicrobiales","acIV","acIV-B","Iluma-B2"
"OTU_3993",2.02668610881574,-4.81727329022103,1.4697022550801,-3.27772055432988,0.00104648940261293,0.0039643480898984,"Bacteria","Proteobacteria","Alphaproteobacteria","Rhizobiales","Methylobacteriaceae","Methylobacterium","unclassified"
"OTU_189",3.62030920642846,5.87497143613566,1.79461615480715,3.27366463318557,0.00106162527279794,0.00399816769404606,"Bacteria","Proteobacteria","Gammaproteobacteria","Alteromonadales","211ds20","unclassified","unclassified"
"OTU_5064",2.66627691580192,5.60347238982812,1.71395073756215,3.26933106478793,0.00107802088488844,0.00403631075504742,"Bacteria","Actinobacteria","Actinobacteria","Actinomycetales","unclassified","unclassified","unclassified"
"OTU_6320",5.38349786482983,6.19535430999556,1.89758262638361,3.2648666908395,0.0010951560606485,0.00407676591362793,"Bacteria","Proteobacteria","Betaproteobacteria","MWH-UniP1","unclassified","unclassified","unclassified"
"OTU_20128",1.90149462020904,5.2827615035061,1.62141283421898,3.25812241769429,0.00112152014253483,0.00415091363099098,"Bacteria","Proteobacteria","Betaproteobacteria","Burkholderiales","betI","betI-A","Lhab-A1"
"OTU_19322",3.56792432616253,-5.23179202245132,1.6139694131638,-3.24156826007975,0.00118873961813893,0.00437456179475127,"Bacteria","Proteobacteria","Betaproteobacteria","Burkholderiales","Comamonadaceae","unclassified","unclassified"
"OTU_1358",1.76772985322964,5.20272884976315,1.61138258496553,3.22873593043979,0.00124338649551503,0.00454966422222545,"Bacteria","Planctomycetes","Phycisphaerae","Phycisphaerales","unclassified","unclassified","unclassified"
"OTU_16135",3.05537752698835,5.54906379414621,1.73426325225384,3.19966636376264,0.0013758675617557,0.00500598141113374,"Bacteria","Gemmatimonadetes","Gemmatimonadetes","Gemmatimonadales","Gemmatimonadaceae","Gemmatimonas","unclassified"
"OTU_13117",1.62706939361648,5.10772241379193,1.60005517984788,3.19221641735977,0.00141185505205846,0.00509539855548864,"Bacteria","Actinobacteria","Actinobacteria","Actinomycetales","Luna1","Luna1-A","Luna1-A4"
"OTU_3",1667.46743311537,-3.68816659857688,1.15568866082981,-3.19131503456016,0.00141626761091998,0.00509539855548864,"Bacteria","Proteobacteria","Betaproteobacteria","Burkholderiales","Comamonadaceae","Polaromonas","unclassified"
"OTU_309",9.74279027237282,6.53072671321025,2.06690143158791,3.1596701291135,0.00157947855487694,0.00561980215105388,"Bacteria","Actinobacteria","Actinobacteria","Actinomycetales","unclassified","unclassified","unclassified"
"OTU_153",4.71188140679939,6.02248781884993,1.90530335207619,3.16090758581162,0.00157278389689727,0.00561980215105388,"Bacteria","Bacteroidetes","Flavobacteriia","Flavobacteriales","Flavobacteriaceae","unclassified","unclassified"
"OTU_8146",1.25849355574924,4.83535043416179,1.5341879967217,3.15173267193728,0.00162304794087547,0.00574309271386704,"Bacteria","Actinobacteria","Actinobacteria","Actinomycetales","Luna3","unclassified","unclassified"
"OTU_1557",1.20547303658386,4.79106928199606,1.52345304905079,3.14487491753106,0.00166157855276532,0.00584730375945829,"Bacteria","Actinobacteria","Thermoleophilia","Solirubrobacterales","unclassified","unclassified","unclassified"
"OTU_427",6.15670166198607,4.88890974877454,1.56278428922052,3.12833305434174,0.00175800849331116,0.00615302972658906,"Bacteria","Bacteroidetes","unclassified","unclassified","unclassified","unclassified","unclassified"
"OTU_259",2.03832565092514,5.28966680005739,1.69788462130524,3.11544538049411,0.0018366735971037,0.00635923546524077,"Bacteria","Proteobacteria","Alphaproteobacteria","Ellin329","unclassified","unclassified","unclassified"
"OTU_181",12.1037401602292,3.83194572186844,1.2297228035803,3.11610528056554,0.0018325683363297,0.00635923546524077,"Bacteria","Proteobacteria","Alphaproteobacteria","Sphingomonadales","Sphingomonadaceae","Sphingomonas","unclassified"
"OTU_2337",1.1928329972065,4.60230879641462,1.48141224675644,3.10670362452545,0.00189185965578727,0.00651282681669731,"Bacteria","Proteobacteria","Deltaproteobacteria","Myxococcales","0319-6G20","unclassified","unclassified"
"OTU_544",1.21005074660547,4.77670056733953,1.53827198745267,3.10523795941289,0.0019012600023899,0.00651282681669731,"Bacteria","Gemmatimonadetes","Gemmatimonadetes","KD8-87","unclassified","unclassified","unclassified"
"OTU_5458",1.80590905906173,-4.47825006043277,1.45571578155431,-3.07632170865882,0.00209571594690982,0.00714095804132235,"Bacteria","Proteobacteria","Gammaproteobacteria","Oceanospirillales","Halomonadaceae","Halomonas","phoceae"
"OTU_285",8.00707232980791,3.72770095385366,1.21732284032971,3.06221228285179,0.00219707578065579,0.00744693054074911,"Bacteria","Verrucomicrobia","Spartobacteria","Spartobacteriales","Spartobacteriaceae","CandidatusXiphinematobacter","verI-B"
"OTU_250",9.56692749278299,4.56841802337773,1.50460964719144,3.03628122543631,0.00239515853373698,0.00807582249071528,"Bacteria","Actinobacteria","Acidimicrobiia","Acidimicrobiales","C111","unclassified","unclassified"
"OTU_868",1.22172567061713,4.26498268310904,1.40795611155896,3.0292014417883,0.00245201127266988,0.00814463206211094,"Bacteria","Proteobacteria","Deltaproteobacteria","Bdellovibrionales","Bacteriovoracaceae","unclassified","unclassified"
"OTU_283",2.59207754447472,5.45689165323955,1.80153868418094,3.0290171957759,0.00245350717398994,0.00814463206211094,"Bacteria","Actinobacteria","Acidimicrobiia","Acidimicrobiales","C111","unclassified","unclassified"
"OTU_8208",0.833213316300748,4.37014668919537,1.44160967479547,3.03143546106916,0.00243393946745746,0.00814463206211094,"Bacteria","Bacteroidetes","unclassified","unclassified","unclassified","unclassified","unclassified"
"OTU_87",7.21645438866642,4.21815558196831,1.41218876307686,2.98696299833023,0.00281763822972975,0.00930543087151775,"Bacteria","Bacteroidetes","unclassified","unclassified","unclassified","unclassified","unclassified"
"OTU_1259",0.841192015376037,4.36446110301659,1.47180541736545,2.96537915373965,0.00302310090805223,0.00993304584074304,"Bacteria","OD1","ZB2","unclassified","unclassified","unclassified","unclassified"
